LSTM_INPUT_SEQ_LEN,LSTM_HIDDEN_SIZE,LSTM_NUM_LAYERS,LSTM_DROPOUT,LSTM_EPOCHS,LSTM_BATCH_SIZE,LSTM_LEARNING_RATE,GARCH_P,GARCH_Q,GARCH_MAE,GARCH_MSE,GARCH_RMSE,LSTM_MAE,LSTM_MSE,LSTM_RMSE,Combined_MAE,Combined_MSE,Combined_RMSE
20,24,1,0.3,20,8,0.001,1,1,0.09057653655168632,0.02271409401544185,0.1507119571083922,0.035152162722867246,0.0027686158967143615,0.05261763864631671,0.050009668120106265,0.007539466756317664,0.08683010282337378
20,24,1,0.3,20,16,0.001,1,1,0.09057653655168632,0.02271409401544185,0.1507119571083922,0.03710372498661775,0.003406614949582452,0.05836621411041196,0.052982753026779614,0.008041065999949817,0.08967199116753133
20,24,1,0.3,30,8,0.001,1,1,0.09057653655168632,0.02271409401544185,0.1507119571083922,0.032251290319268835,0.00286761938047447,0.05355015761390876,0.05402346459310111,0.007905656970673412,0.08891376142461532
20,24,1,0.3,30,16,0.001,1,1,0.09057653655168632,0.02271409401544185,0.1507119571083922,0.03309052186767076,0.002817322648747191,0.05307845748274145,0.054402278878838244,0.008099249647916088,0.08999583128076594
20,24,1,0.3,40,8,0.001,1,1,0.09057653655168632,0.02271409401544185,0.1507119571083922,0.02989508446019469,0.0025626795598104823,0.050622915362615005,0.05069634214561771,0.006968227449844249,0.08347590939812664
20,24,1,0.3,40,16,0.001,1,1,0.09057653655168632,0.02271409401544185,0.1507119571083922,0.03114557905383251,0.002604640948258352,0.051035683087995914,0.05183656562119846,0.007613042560400929,0.08725275101909927
20,24,2,0.3,20,8,0.001,1,1,0.09057653655168632,0.02271409401544185,0.1507119571083922,0.046160371897274705,0.0038646724480880627,0.062166489752020444,0.047734291399701714,0.00764658526461639,0.08744475550092407
20,24,2,0.3,20,16,0.001,1,1,0.09057653655168632,0.02271409401544185,0.1507119571083922,0.04249171410321047,0.0037102389985869916,0.060911731206615624,0.04947392754633046,0.007846727322777802,0.08858175502200101
20,24,2,0.3,30,8,0.001,1,1,0.09057653655168632,0.02271409401544185,0.1507119571083922,0.03255372374544673,0.0031275790131819405,0.05592476207532707,0.05071234769247371,0.008371084713906877,0.09149363209484514
20,24,2,0.3,30,16,0.001,1,1,0.09057653655168632,0.02271409401544185,0.1507119571083922,0.03428055703929434,0.0029296699617319794,0.054126425724704746,0.04947318586498938,0.007516267459083479,0.08669640972429872
20,24,2,0.3,40,8,0.001,1,1,0.09057653655168632,0.02271409401544185,0.1507119571083922,0.03220852267507017,0.0024278469152325894,0.04927318657477502,0.04744522113405865,0.007066529770295368,0.0840626538380473
20,24,2,0.3,40,16,0.001,1,1,0.09057653655168632,0.02271409401544185,0.1507119571083922,0.0337366535915377,0.0028961195250711254,0.05381560670540773,0.04745171164785977,0.006488982412536255,0.08055422032728177
20,24,3,0.3,20,8,0.001,1,1,0.09057653655168632,0.02271409401544185,0.1507119571083922,0.03999488186523409,0.0038230526411630436,0.06183083891686287,0.04926535216326671,0.008257966318004628,0.0908733531790515
20,24,3,0.3,20,16,0.001,1,1,0.09057653655168632,0.02271409401544185,0.1507119571083922,0.04388415519115306,0.0046070253667590865,0.06787507176245994,0.05073278721673359,0.008386526264231189,0.09157797914472228
20,24,3,0.3,30,8,0.001,1,1,0.09057653655168632,0.02271409401544185,0.1507119571083922,0.03519411965435286,0.003297565091960451,0.05742442940039066,0.05092264418105234,0.008565597990525545,0.09255051588470777
20,24,3,0.3,30,16,0.001,1,1,0.09057653655168632,0.02271409401544185,0.1507119571083922,0.03921911389532271,0.003926690128103915,0.06266330766967153,0.05269745853923878,0.008954019700630332,0.09462568203521882
20,24,3,0.3,40,8,0.001,1,1,0.09057653655168632,0.02271409401544185,0.1507119571083922,0.03127359353603836,0.002781981325873809,0.0527444909528361,0.05410361061342001,0.008281376978489598,0.09100207128680972
20,24,3,0.3,40,16,0.001,1,1,0.09057653655168632,0.02271409401544185,0.1507119571083922,0.03330719311421569,0.0032592822445030338,0.05709012387885521,0.05392846101258209,0.008479599145740277,0.0920847389405013
20,36,1,0.3,20,8,0.001,1,1,0.09057653655168632,0.02271409401544185,0.1507119571083922,0.03373801640999658,0.0026076221049595983,0.05106488132718609,0.047544955054862996,0.0067161046777045085,0.0819518436504299
20,36,1,0.3,20,16,0.001,1,1,0.09057653655168632,0.02271409401544185,0.1507119571083922,0.03401136157125488,0.002764436816743355,0.052577911871273045,0.05162366496632251,0.00727398780326964,0.08528767673743752
20,36,1,0.3,30,8,0.001,1,1,0.09057653655168632,0.02271409401544185,0.1507119571083922,0.031763101207032726,0.003229607921545065,0.05682963946344429,0.04827999851294343,0.0067152873928837615,0.08194685712633377
20,36,1,0.3,30,16,0.001,1,1,0.09057653655168632,0.02271409401544185,0.1507119571083922,0.035017642765783605,0.00277709214262509,0.052698122761869706,0.047637369175086965,0.006786810945019206,0.08238210330538548
20,36,1,0.3,40,8,0.001,1,1,0.09057653655168632,0.02271409401544185,0.1507119571083922,0.033269801315010464,0.0031166587437157552,0.05582704312173228,0.04686959801704343,0.006520381505148127,0.08074887928106574
20,36,1,0.3,40,16,0.001,1,1,0.09057653655168632,0.02271409401544185,0.1507119571083922,0.032277598457438564,0.0032181849025791124,0.05672904813743231,0.04898305580446823,0.006878237694981435,0.08293514149611994
20,36,2,0.3,20,8,0.001,1,1,0.09057653655168632,0.02271409401544185,0.1507119571083922,0.03993892915384609,0.0032713260746862786,0.05719550746943573,0.04696560495147583,0.006708413030691778,0.08190490236055335
20,36,2,0.3,20,16,0.001,1,1,0.09057653655168632,0.02271409401544185,0.1507119571083922,0.03698841578835671,0.003462021470300385,0.058838945183444485,0.056127810159861194,0.008588362789950536,0.09267342008337955
20,36,2,0.3,30,8,0.001,1,1,0.09057653655168632,0.02271409401544185,0.1507119571083922,0.029856224971415976,0.002528383918261725,0.050283038077086444,0.04965170731312896,0.007261748899692677,0.08521589581581994
20,36,2,0.3,30,16,0.001,1,1,0.09057653655168632,0.02271409401544185,0.1507119571083922,0.032463818491056985,0.0026840786989491315,0.05180809491719544,0.049951506659702286,0.00705948253296185,0.08402072680572246
20,36,2,0.3,40,8,0.001,1,1,0.09057653655168632,0.02271409401544185,0.1507119571083922,0.03327758559765626,0.0030819654298151495,0.05551545217158147,0.04980599239496583,0.008427433137400898,0.09180105194060087
20,36,2,0.3,40,16,0.001,1,1,0.09057653655168632,0.02271409401544185,0.1507119571083922,0.03255249138184202,0.003120912504032138,0.05586512779930015,0.05215311909265795,0.008395196857819425,0.09162530686343935
20,36,3,0.3,20,8,0.001,1,1,0.09057653655168632,0.02271409401544185,0.1507119571083922,0.03452369256536061,0.0033359367124251786,0.057757568442803914,0.04799696120053788,0.006995757514803178,0.08364064511230876
20,36,3,0.3,20,16,0.001,1,1,0.09057653655168632,0.02271409401544185,0.1507119571083922,0.03756206053129207,0.003744928521320156,0.06119582110994309,0.04877236715742595,0.0065379038208667395,0.0808573053030259
20,36,3,0.3,30,8,0.001,1,1,0.09057653655168632,0.02271409401544185,0.1507119571083922,0.030943369261146696,0.002685007392248523,0.05181705696243779,0.05015170978095535,0.007305378127865787,0.08547150477127326
20,36,3,0.3,30,16,0.001,1,1,0.09057653655168632,0.02271409401544185,0.1507119571083922,0.03232050975634391,0.0030407468018937814,0.05514296693045979,0.04935708633020576,0.006961129200399187,0.08343338181087463
20,36,3,0.3,40,8,0.001,1,1,0.09057653655168632,0.02271409401544185,0.1507119571083922,0.03222516472100634,0.003063771691073169,0.05535134768976424,0.05001152786039212,0.008410681670115074,0.09170976867332659
20,36,3,0.3,40,16,0.001,1,1,0.09057653655168632,0.02271409401544185,0.1507119571083922,0.032363588487288854,0.0033814217619667413,0.0581499936540559,0.054945174420726786,0.009342396866027142,0.09665607516357749
20,48,1,0.3,20,8,0.001,1,1,0.09057653655168632,0.02271409401544185,0.1507119571083922,0.03350926539445942,0.0030440924261979133,0.055173294501941,0.04759462116014471,0.006226417823461795,0.07890765376984539
20,48,1,0.3,20,16,0.001,1,1,0.09057653655168632,0.02271409401544185,0.1507119571083922,0.03754239287494337,0.003321007084684221,0.057628179605850996,0.04646695334859595,0.006244410637397815,0.07902158336427975
20,48,1,0.3,30,8,0.001,1,1,0.09057653655168632,0.02271409401544185,0.1507119571083922,0.032975457613834434,0.003150156092747272,0.056126251369098865,0.04628853239838835,0.006152479141758613,0.07843774054470598
20,48,1,0.3,30,16,0.001,1,1,0.09057653655168632,0.02271409401544185,0.1507119571083922,0.03270137439252506,0.002810710434548413,0.053016133719353896,0.047562652224782176,0.006385420066275034,0.07990882345695645
20,48,1,0.3,40,8,0.001,1,1,0.09057653655168632,0.02271409401544185,0.1507119571083922,0.03296323680682204,0.0030837194539694805,0.05553124754558896,0.04639213167574363,0.00630634141662171,0.07941247645440677
20,48,1,0.3,40,16,0.001,1,1,0.09057653655168632,0.02271409401544185,0.1507119571083922,0.033192696906331906,0.002800556419603848,0.05292028363117348,0.04635860159383839,0.006407264435652514,0.08004538984633977
20,48,2,0.3,20,8,0.001,1,1,0.09057653655168632,0.02271409401544185,0.1507119571083922,0.031673663636562814,0.0028181800366089103,0.053086533477040204,0.04983458281168441,0.007436969814677807,0.08623786763758602
20,48,2,0.3,20,16,0.001,1,1,0.09057653655168632,0.02271409401544185,0.1507119571083922,0.03705663961663334,0.0032767571842779305,0.05724296624283136,0.050944426998068434,0.007780413190711457,0.08820665049026324
20,48,2,0.3,30,8,0.001,1,1,0.09057653655168632,0.02271409401544185,0.1507119571083922,0.029642473609700907,0.002690145205439911,0.05186660973535778,0.04951854294548154,0.007550035508012926,0.08689094031032767
20,48,2,0.3,30,16,0.001,1,1,0.09057653655168632,0.02271409401544185,0.1507119571083922,0.03229198020085159,0.0030026849663747877,0.05479676054635701,0.050003995960306614,0.006857571995761755,0.08281045825112765
20,48,2,0.3,40,8,0.001,1,1,0.09057653655168632,0.02271409401544185,0.1507119571083922,0.030390833591640076,0.0029451891325542826,0.05426959676056459,0.049916334463995155,0.008052317177888539,0.08973470442302989
20,48,2,0.3,40,16,0.001,1,1,0.09057653655168632,0.02271409401544185,0.1507119571083922,0.03160324423476864,0.0028132047601288806,0.05303965271501012,0.04923801295882767,0.00795911032079417,0.08921384601503383
20,48,3,0.3,20,8,0.001,1,1,0.09057653655168632,0.02271409401544185,0.1507119571083922,0.033568309100160565,0.003228827789238441,0.05682277526871106,0.04871880787603486,0.008256501653885421,0.09086529400098489
20,48,3,0.3,20,16,0.001,1,1,0.09057653655168632,0.02271409401544185,0.1507119571083922,0.03804000310514634,0.00382643431741495,0.06185817906643348,0.05100726208685008,0.008654999121396136,0.09303224774988582
20,48,3,0.3,30,8,0.001,1,1,0.09057653655168632,0.02271409401544185,0.1507119571083922,0.03133168863621598,0.0025503362234094214,0.050500853689907275,0.047684473554559195,0.007517441904299679,0.08670318278067812
20,48,3,0.3,30,16,0.001,1,1,0.09057653655168632,0.02271409401544185,0.1507119571083922,0.03136626237757229,0.0027733185208076837,0.05266230645165177,0.048464517815396124,0.00761610510795527,0.08727029911691188
20,48,3,0.3,40,8,0.001,1,1,0.09057653655168632,0.02271409401544185,0.1507119571083922,0.029387410761979184,0.0029816914311129516,0.054604866368419505,0.05249117951732913,0.00860574325970089,0.0927671453678558
20,48,3,0.3,40,16,0.001,1,1,0.09057653655168632,0.02271409401544185,0.1507119571083922,0.028884359494541316,0.002508800191445462,0.0500879246070893,0.04990904773479989,0.007839293743779733,0.08853978621941513
20,60,1,0.3,20,8,0.001,1,1,0.09057653655168632,0.02271409401544185,0.1507119571083922,0.03119666951589886,0.0026038866330519448,0.05102829247635026,0.04927750201660582,0.007084907721627389,0.08417189389355208
20,60,1,0.3,20,16,0.001,1,1,0.09057653655168632,0.02271409401544185,0.1507119571083922,0.032292113592896056,0.002643697193224792,0.051416895989789116,0.04859013059368285,0.006933428843406976,0.08326721349611128
20,60,1,0.3,30,8,0.001,1,1,0.09057653655168632,0.02271409401544185,0.1507119571083922,0.031592054058043884,0.0027706431007523563,0.05263689866198764,0.05199890280870774,0.006878040554346949,0.08293395296467514
20,60,1,0.3,30,16,0.001,1,1,0.09057653655168632,0.02271409401544185,0.1507119571083922,0.03175370322319126,0.0028441587552818196,0.053330654930178946,0.04786720293092629,0.006193238037137752,0.07869712851901112
20,60,1,0.3,40,8,0.001,1,1,0.09057653655168632,0.02271409401544185,0.1507119571083922,0.03534754789984928,0.0027429908476889436,0.052373570125483555,0.046690983696781214,0.007162222147303855,0.08462991283998735
20,60,1,0.3,40,16,0.001,1,1,0.09057653655168632,0.02271409401544185,0.1507119571083922,0.03367271246393233,0.002885012889547441,0.053712315995006595,0.04792076157657728,0.00706906091412537,0.0840777075931865
20,60,2,0.3,20,8,0.001,1,1,0.09057653655168632,0.02271409401544185,0.1507119571083922,0.028992033590714988,0.0025851345804041707,0.050844218751045535,0.05152742308503389,0.007890462118189546,0.08882827319153258
20,60,2,0.3,20,16,0.001,1,1,0.09057653655168632,0.02271409401544185,0.1507119571083922,0.03546909834025391,0.00309450411773771,0.055628267254496704,0.04914396275785827,0.007883069601929058,0.08878665216083473
20,60,2,0.3,30,8,0.001,1,1,0.09057653655168632,0.02271409401544185,0.1507119571083922,0.030509569086838932,0.0024525605078619395,0.049523332963987185,0.04895133514866674,0.007611586685549116,0.08724440776089386
20,60,2,0.3,30,16,0.001,1,1,0.09057653655168632,0.02271409401544185,0.1507119571083922,0.0335210807239839,0.002755801917087748,0.0524957323702389,0.04679219136391568,0.006942731069232433,0.08332305244788163
20,60,2,0.3,40,8,0.001,1,1,0.09057653655168632,0.02271409401544185,0.1507119571083922,0.029082104663907676,0.0027156720647019362,0.052112110537781295,0.05077926430557425,0.008195535153292839,0.09052919503283369
20,60,2,0.3,40,16,0.001,1,1,0.09057653655168632,0.02271409401544185,0.1507119571083922,0.03141620265241877,0.0032565804165814354,0.05706645614177768,0.04981789857354309,0.008524197413646375,0.09232658021201898
20,60,3,0.3,20,8,0.001,1,1,0.09057653655168632,0.02271409401544185,0.1507119571083922,0.03334554738229264,0.003124308284474992,0.05589551220335128,0.04617538243352741,0.007039829783100783,0.08390369350094656
20,60,3,0.3,20,16,0.001,1,1,0.09057653655168632,0.02271409401544185,0.1507119571083922,0.03645788917571109,0.003147216288665286,0.05610005604868221,0.046430897773669134,0.007184734580464597,0.08476281366533674
20,60,3,0.3,30,8,0.001,1,1,0.09057653655168632,0.02271409401544185,0.1507119571083922,0.03330788849821706,0.0029337966078624624,0.054164532748492,0.049830188725920946,0.008267793250097289,0.09092740648504877
20,60,3,0.3,30,16,0.001,1,1,0.09057653655168632,0.02271409401544185,0.1507119571083922,0.030286844157051632,0.002661309579611854,0.05158788210046865,0.05322124368774485,0.008147456928224725,0.09026326455554733
20,60,3,0.3,40,8,0.001,1,1,0.09057653655168632,0.02271409401544185,0.1507119571083922,0.03000623975005543,0.0026252994737304518,0.05123767631080133,0.048058294556024644,0.007280458886849128,0.08532560510684427
20,60,3,0.3,40,16,0.001,1,1,0.09057653655168632,0.02271409401544185,0.1507119571083922,0.03543823067560103,0.002713103136560798,0.052087456614436436,0.0466134895768647,0.007390534033144615,0.08596821524926881
40,24,1,0.3,20,8,0.001,1,1,0.09057653655168632,0.02271409401544185,0.1507119571083922,0.03290010280925025,0.00264266349891881,0.0514068429191952,0.05028973149843841,0.007446249397902278,0.08629165311837686
40,24,1,0.3,20,16,0.001,1,1,0.09057653655168632,0.02271409401544185,0.1507119571083922,0.036780944373064894,0.003293174920637473,0.05738619102743685,0.05169536489149471,0.007853367474374274,0.08861922745304358
40,24,1,0.3,30,8,0.001,1,1,0.09057653655168632,0.02271409401544185,0.1507119571083922,0.031225175257256047,0.002734482935181646,0.05229228370593166,0.05285838696565539,0.007812981546359071,0.08839107164391136
40,24,1,0.3,30,16,0.001,1,1,0.09057653655168632,0.02271409401544185,0.1507119571083922,0.03232325848792834,0.0026382497251001514,0.051363895151167724,0.05157512735378272,0.007702445231112177,0.08776357576530355
40,24,1,0.3,40,8,0.001,1,1,0.09057653655168632,0.02271409401544185,0.1507119571083922,0.03090814344657791,0.0026525100111186523,0.05150252431792691,0.04923537506975557,0.00704522505804272,0.08393583893690895
40,24,1,0.3,40,16,0.001,1,1,0.09057653655168632,0.02271409401544185,0.1507119571083922,0.03171687502096889,0.0025696437404997777,0.05069165355854727,0.048823719161798965,0.0066838824904464885,0.0817550150782598
40,24,2,0.3,20,8,0.001,1,1,0.09057653655168632,0.02271409401544185,0.1507119571083922,0.033798687947550976,0.0030525170181867896,0.055249588398347274,0.05358710902982169,0.008180053102274258,0.09044364600276936
40,24,2,0.3,20,16,0.001,1,1,0.09057653655168632,0.02271409401544185,0.1507119571083922,0.0457597659596946,0.004136697829841811,0.06431716590337148,0.049211947181349774,0.008131532279056422,0.09017500917136866
40,24,2,0.3,30,8,0.001,1,1,0.09057653655168632,0.02271409401544185,0.1507119571083922,0.036442867851012736,0.0029732656007973464,0.05452765904380406,0.04703254077991268,0.007245063479644978,0.0851179386477667
40,24,2,0.3,30,16,0.001,1,1,0.09057653655168632,0.02271409401544185,0.1507119571083922,0.03956851032055432,0.003323184715378569,0.05764707031045523,0.0487122899318127,0.00764367453409004,0.08742811066293289
40,24,2,0.3,40,8,0.001,1,1,0.09057653655168632,0.02271409401544185,0.1507119571083922,0.03583362890165543,0.003228497853220003,0.05681987199228808,0.04949291786776115,0.008231544665889743,0.09072786047234743
40,24,2,0.3,40,16,0.001,1,1,0.09057653655168632,0.02271409401544185,0.1507119571083922,0.03579722263339421,0.003092766619175175,0.05561264801441462,0.049720261775116355,0.007845617940165828,0.0885754928869483
40,24,3,0.3,20,8,0.001,1,1,0.09057653655168632,0.02271409401544185,0.1507119571083922,0.04025320939482224,0.003642286434638374,0.060351358183874985,0.05046514520245756,0.008458424305719388,0.09196969232154356
40,24,3,0.3,20,16,0.001,1,1,0.09057653655168632,0.02271409401544185,0.1507119571083922,0.04224835884987159,0.004143602220949922,0.06437081808513795,0.05079242060683161,0.008218680374788878,0.09065693781939073
40,24,3,0.3,30,8,0.001,1,1,0.09057653655168632,0.02271409401544185,0.1507119571083922,0.03236154457151977,0.0028098952310698128,0.05300844490333415,0.04991861652096475,0.007645443766610515,0.08743822829066537
40,24,3,0.3,30,16,0.001,1,1,0.09057653655168632,0.02271409401544185,0.1507119571083922,0.035376761000931775,0.003355540033630827,0.057927023345161,0.05110533900597569,0.007775959728539834,0.08818140239608256
40,24,3,0.3,40,8,0.001,1,1,0.09057653655168632,0.02271409401544185,0.1507119571083922,0.031392895987276084,0.002848389037536103,0.05337030108155755,0.053466301113496685,0.008261614224438989,0.09089342233868736
40,24,3,0.3,40,16,0.001,1,1,0.09057653655168632,0.02271409401544185,0.1507119571083922,0.032401687632467466,0.0030908281873849217,0.0555952173067515,0.048475029058483984,0.006778813637453807,0.08233355110435725
40,36,1,0.3,20,8,0.001,1,1,0.09057653655168632,0.02271409401544185,0.1507119571083922,0.0325206998390183,0.0026566822522869704,0.051543013612777536,0.04737608767330031,0.006409903961201114,0.0800618758286434
40,36,1,0.3,20,16,0.001,1,1,0.09057653655168632,0.02271409401544185,0.1507119571083922,0.03485913186193116,0.0029240030733571876,0.05407405175643108,0.04903925454007592,0.006749196781363115,0.08215349524739111
40,36,1,0.3,30,8,0.001,1,1,0.09057653655168632,0.02271409401544185,0.1507119571083922,0.03283361408412644,0.003038377678933589,0.055121481102502944,0.04762503862884902,0.006515096044067526,0.08071614487862715
40,36,1,0.3,30,16,0.001,1,1,0.09057653655168632,0.02271409401544185,0.1507119571083922,0.03170750130278353,0.0025635945913810056,0.050631952277005926,0.0510451983492546,0.0071618288111961895,0.08462758894826314
40,36,1,0.3,40,8,0.001,1,1,0.09057653655168632,0.02271409401544185,0.1507119571083922,0.030332984844050195,0.002725997831064707,0.05221108915800078,0.05203716832290607,0.007982781185566308,0.0893464111510155
40,36,1,0.3,40,16,0.001,1,1,0.09057653655168632,0.02271409401544185,0.1507119571083922,0.03259284166159316,0.0028046091914726433,0.05295856107819248,0.05010386767075746,0.007636114502486907,0.08738486426428153
40,36,2,0.3,20,8,0.001,1,1,0.09057653655168632,0.02271409401544185,0.1507119571083922,0.041122658246466076,0.003367016658761153,0.05802599985145584,0.048015186502948115,0.007545355900228923,0.08686400808291615
40,36,2,0.3,20,16,0.001,1,1,0.09057653655168632,0.02271409401544185,0.1507119571083922,0.04451692336756029,0.003849010081532737,0.062040390726789726,0.04879568509002711,0.007826444122086365,0.08846719234883836
40,36,2,0.3,30,8,0.001,1,1,0.09057653655168632,0.02271409401544185,0.1507119571083922,0.041633508999108275,0.003421735197055993,0.05849559980935312,0.04614900761404814,0.007336545881929775,0.08565363904662647
40,36,2,0.3,30,16,0.001,1,1,0.09057653655168632,0.02271409401544185,0.1507119571083922,0.04703391078710095,0.004181433206309751,0.06466400239940111,0.0480543069923187,0.008086312119297464,0.08992392406527566
40,36,2,0.3,40,8,0.001,1,1,0.09057653655168632,0.02271409401544185,0.1507119571083922,0.03741989142433364,0.0028393385035324417,0.05328544363644204,0.04415343655794121,0.006715558326917851,0.08194851021780598
40,36,2,0.3,40,16,0.001,1,1,0.09057653655168632,0.02271409401544185,0.1507119571083922,0.043652554081943684,0.003595703381235667,0.05996418415384026,0.044225841693132095,0.006970980549613565,0.08349239815464378
40,36,3,0.3,20,8,0.001,1,1,0.09057653655168632,0.02271409401544185,0.1507119571083922,0.041501575683706264,0.0036060114059836054,0.060050074154688646,0.046808040403222735,0.007527108437313989,0.08675890984396928
40,36,3,0.3,20,16,0.001,1,1,0.09057653655168632,0.02271409401544185,0.1507119571083922,0.04179363670767959,0.0039624867642597894,0.0629482864283039,0.04975094064151796,0.008441552695821523,0.09187792278791203
40,36,3,0.3,30,8,0.001,1,1,0.09057653655168632,0.02271409401544185,0.1507119571083922,0.031964072164871876,0.002990215460846953,0.054682862588263915,0.05409340320395346,0.008606132423954771,0.09276924287690813
40,36,3,0.3,30,16,0.001,1,1,0.09057653655168632,0.02271409401544185,0.1507119571083922,0.03057308117960372,0.0027321440654075636,0.05226991549072529,0.05173569178570745,0.007667409834782277,0.08756374726324974
40,36,3,0.3,40,8,0.001,1,1,0.09057653655168632,0.02271409401544185,0.1507119571083922,0.033135581353541874,0.0034074594108332657,0.0583734478237603,0.0492337097796886,0.00867100537066146,0.0931182332879091
40,36,3,0.3,40,16,0.001,1,1,0.09057653655168632,0.02271409401544185,0.1507119571083922,0.037341450942783204,0.0038198711956982296,0.061805106550334735,0.04960980364628178,0.0089236981577707,0.09446532780745907
40,48,1,0.3,20,8,0.001,1,1,0.09057653655168632,0.02271409401544185,0.1507119571083922,0.03319107752046049,0.002749025099135887,0.05243114626952082,0.0484537143775765,0.006738084478134756,0.08208583603847107
40,48,1,0.3,20,16,0.001,1,1,0.09057653655168632,0.02271409401544185,0.1507119571083922,0.03515879402757948,0.0029789859419024796,0.05458008741200842,0.04945928502569305,0.007079312626726731,0.08413865120577303
40,48,1,0.3,30,8,0.001,1,1,0.09057653655168632,0.02271409401544185,0.1507119571083922,0.03483122463082619,0.0028798515552062353,0.05366424838946536,0.047102032178107364,0.006998918213686586,0.08365953749386011
40,48,1,0.3,30,16,0.001,1,1,0.09057653655168632,0.02271409401544185,0.1507119571083922,0.03223232587865762,0.0025521280508102964,0.05051859114039401,0.04912992192487832,0.007170746781036425,0.08468026205106137
40,48,1,0.3,40,8,0.001,1,1,0.09057653655168632,0.02271409401544185,0.1507119571083922,0.03102967197328167,0.002490572942573195,0.04990564038836888,0.049554722721259506,0.007434955760222401,0.08622618952628257
40,48,1,0.3,40,16,0.001,1,1,0.09057653655168632,0.02271409401544185,0.1507119571083922,0.030441826863308333,0.0026690168175896116,0.051662528176518924,0.05129649338221817,0.00780380425670545,0.08833914340033783
40,48,2,0.3,20,8,0.001,1,1,0.09057653655168632,0.02271409401544185,0.1507119571083922,0.03456659099477756,0.002977861237274058,0.054569783188813004,0.04754688883068309,0.006955410311298979,0.08339910258089699
40,48,2,0.3,20,16,0.001,1,1,0.09057653655168632,0.02271409401544185,0.1507119571083922,0.03580188930533352,0.003180564707430584,0.05639649552437265,0.0515512813527698,0.007837092655505442,0.08852735540783675
40,48,2,0.3,30,8,0.001,1,1,0.09057653655168632,0.02271409401544185,0.1507119571083922,0.029979854694645876,0.0026374136443334043,0.051355755707937975,0.0504147123553311,0.007741405032160847,0.08798525462917549
40,48,2,0.3,30,16,0.001,1,1,0.09057653655168632,0.02271409401544185,0.1507119571083922,0.031687941407592575,0.0030238762564571307,0.05498978320067402,0.04945873130392795,0.006914316678001423,0.08315237024884753
40,48,2,0.3,40,8,0.001,1,1,0.09057653655168632,0.02271409401544185,0.1507119571083922,0.030547765581858764,0.002495097217811356,0.04995094811724154,0.04829193088410908,0.0074362269774078445,0.08623356062118649
40,48,2,0.3,40,16,0.001,1,1,0.09057653655168632,0.02271409401544185,0.1507119571083922,0.03188081192501692,0.0025812923821685978,0.0508064206785776,0.04763818798352791,0.007178258186151716,0.08472460201235363
40,48,3,0.3,20,8,0.001,1,1,0.09057653655168632,0.02271409401544185,0.1507119571083922,0.03320935567981516,0.002975351623248955,0.054546783802979205,0.04766299075326568,0.0076163186297872765,0.08727152244453672
40,48,3,0.3,20,16,0.001,1,1,0.09057653655168632,0.02271409401544185,0.1507119571083922,0.03666625707420111,0.003266414803196139,0.05715255727608467,0.047911177379006284,0.0076277514063094,0.08733699906860437
40,48,3,0.3,30,8,0.001,1,1,0.09057653655168632,0.02271409401544185,0.1507119571083922,0.02993817666991755,0.002820546545766839,0.05310881796619878,0.05219485979306741,0.008447442369833143,0.0919099688272885
40,48,3,0.3,30,16,0.001,1,1,0.09057653655168632,0.02271409401544185,0.1507119571083922,0.030621990069304796,0.0027526243147907134,0.05246545830154077,0.05270629116976888,0.008192405857774084,0.09051191003273594
40,48,3,0.3,40,8,0.001,1,1,0.09057653655168632,0.02271409401544185,0.1507119571083922,0.03067490952036061,0.003083319012340772,0.05552764187628331,0.052135611659299176,0.008861098516140009,0.09413340807672911
40,48,3,0.3,40,16,0.001,1,1,0.09057653655168632,0.02271409401544185,0.1507119571083922,0.030418369352355895,0.00258996158655481,0.05089166519730721,0.054856837012762304,0.008199241176610155,0.0905496613831888
40,60,1,0.3,20,8,0.001,1,1,0.09057653655168632,0.02271409401544185,0.1507119571083922,0.041070284612948635,0.0032812691775091986,0.05728236358172731,0.04588416469986639,0.006866899705920767,0.08286675875114681
40,60,1,0.3,20,16,0.001,1,1,0.09057653655168632,0.02271409401544185,0.1507119571083922,0.03608905533204942,0.0028895221648375354,0.05375427578190906,0.04865584112787524,0.0074138062566439485,0.08610346251251426
40,60,1,0.3,30,8,0.001,1,1,0.09057653655168632,0.02271409401544185,0.1507119571083922,0.03156749773717165,0.003026216807368502,0.05501106077298003,0.05106787977691596,0.007128089313900243,0.08442801261370685
40,60,1,0.3,30,16,0.001,1,1,0.09057653655168632,0.02271409401544185,0.1507119571083922,0.031756398219594625,0.002770705829329965,0.0526374945198759,0.04815459696623111,0.0069496149082940335,0.08336435034410113
40,60,1,0.3,40,8,0.001,1,1,0.09057653655168632,0.02271409401544185,0.1507119571083922,0.030348078231063298,0.0026335724155446354,0.05131834385036831,0.04892652037494458,0.006387858425510545,0.07992407913457962
40,60,1,0.3,40,16,0.001,1,1,0.09057653655168632,0.02271409401544185,0.1507119571083922,0.03132977920019715,0.0029592824123798015,0.054399286873816656,0.04779665222455262,0.0063329631012898025,0.07957991644435047
40,60,2,0.3,20,8,0.001,1,1,0.09057653655168632,0.02271409401544185,0.1507119571083922,0.030946566852405544,0.0026854402947768118,0.051821234014415476,0.04995702538466427,0.007549345365078566,0.08688696890258381
40,60,2,0.3,20,16,0.001,1,1,0.09057653655168632,0.02271409401544185,0.1507119571083922,0.036389832948324034,0.003305968700486887,0.05749755386524619,0.048194684763241895,0.00676133692716669,0.08222734902188378
40,60,2,0.3,30,8,0.001,1,1,0.09057653655168632,0.02271409401544185,0.1507119571083922,0.030181496420340292,0.0029712569991654234,0.05450923774155554,0.05053266607453606,0.00822616795147868,0.09069822463245177
40,60,2,0.3,30,16,0.001,1,1,0.09057653655168632,0.02271409401544185,0.1507119571083922,0.03173121908904146,0.003044337192802686,0.055175512619301384,0.052363567452729326,0.008224620066946619,0.09068969107316784
40,60,2,0.3,40,8,0.001,1,1,0.09057653655168632,0.02271409401544185,0.1507119571083922,0.02902912682775698,0.002576933661676333,0.05076350718455466,0.04892987639159184,0.007735206894317014,0.08795002498190102
40,60,2,0.3,40,16,0.001,1,1,0.09057653655168632,0.02271409401544185,0.1507119571083922,0.029919705129985794,0.002607750364024998,0.05106613715589811,0.04751029837302547,0.006597331183198365,0.0812239569535883
40,60,3,0.3,20,8,0.001,1,1,0.09057653655168632,0.02271409401544185,0.1507119571083922,0.030032226531826623,0.0027413166677910787,0.05235758462525825,0.05307181225641703,0.008166558437451132,0.09036901259530908
40,60,3,0.3,20,16,0.001,1,1,0.09057653655168632,0.02271409401544185,0.1507119571083922,0.03200687561394724,0.002828685789350568,0.053185390751131725,0.05094718345992869,0.007894635518816964,0.0888517614840413
40,60,3,0.3,30,8,0.001,1,1,0.09057653655168632,0.02271409401544185,0.1507119571083922,0.03584799719043479,0.003728350312639624,0.0610602187405157,0.05159654652506324,0.009303526953059173,0.09645479227627403
40,60,3,0.3,30,16,0.001,1,1,0.09057653655168632,0.02271409401544185,0.1507119571083922,0.030336135997446903,0.002457861953288717,0.04957682879419293,0.04791548935428334,0.007118886006028287,0.08437349113334286
40,60,3,0.3,40,8,0.001,1,1,0.09057653655168632,0.02271409401544185,0.1507119571083922,0.031292481732105436,0.0034787541715697754,0.05898096448490628,0.0509933961740249,0.009000732340304686,0.09487218949884464
40,60,3,0.3,40,16,0.001,1,1,0.09057653655168632,0.02271409401544185,0.1507119571083922,0.03386947172659854,0.0029907726657657876,0.05468795722794725,0.04637904748353594,0.0076794609433377395,0.08763253358963062
60,24,1,0.3,20,8,0.001,1,1,0.09057653655168632,0.02271409401544185,0.1507119571083922,0.03519691534386109,0.0027080077314139694,0.05203852161057201,0.04837958794475816,0.0070502246541164154,0.08396561590387112
60,24,1,0.3,20,16,0.001,1,1,0.09057653655168632,0.02271409401544185,0.1507119571083922,0.03995377768165761,0.0034855271249509367,0.05903835299998584,0.050036145642442784,0.007616857219848504,0.08727460810481193
60,24,1,0.3,30,8,0.001,1,1,0.09057653655168632,0.02271409401544185,0.1507119571083922,0.03129249427004261,0.002694568916626559,0.05190923729575073,0.05145239343111084,0.007331781402940241,0.08562582205701877
60,24,1,0.3,30,16,0.001,1,1,0.09057653655168632,0.02271409401544185,0.1507119571083922,0.03210772191289417,0.002549782755043442,0.05049537360039474,0.051795446948155216,0.00742473586315919,0.086166907007036
60,24,1,0.3,40,8,0.001,1,1,0.09057653655168632,0.02271409401544185,0.1507119571083922,0.03155082325389542,0.002922123041593789,0.0540566650987072,0.05214570008425524,0.007427682748623873,0.08618400517859374
60,24,1,0.3,40,16,0.001,1,1,0.09057653655168632,0.02271409401544185,0.1507119571083922,0.03210580335422731,0.0026471878331571306,0.05145082927569905,0.05279402034790321,0.007370900048121778,0.08585394602533875
60,24,2,0.3,20,8,0.001,1,1,0.09057653655168632,0.02271409401544185,0.1507119571083922,0.035881848817158425,0.0034260987938615492,0.05853288643029275,0.051457607126779305,0.008544288787419186,0.0924353221848617
60,24,2,0.3,20,16,0.001,1,1,0.09057653655168632,0.02271409401544185,0.1507119571083922,0.04117266422228353,0.003975822036943752,0.06305411990460062,0.051352399941725656,0.008556301445281609,0.09250027808218529
60,24,2,0.3,30,8,0.001,1,1,0.09057653655168632,0.02271409401544185,0.1507119571083922,0.039803729920216094,0.0035167221159477825,0.059301957100485164,0.04886100691077013,0.00822607241164186,0.09069769794014543
60,24,2,0.3,30,16,0.001,1,1,0.09057653655168632,0.02271409401544185,0.1507119571083922,0.041732434100458786,0.003593375575176456,0.05994477104115468,0.04923084481005004,0.00805593842891339,0.08975487969416142
60,24,2,0.3,40,8,0.001,1,1,0.09057653655168632,0.02271409401544185,0.1507119571083922,0.03182254883953838,0.0026272262966606226,0.05125647565586833,0.048208287341562066,0.00750566673010825,0.08663525108238707
60,24,2,0.3,40,16,0.001,1,1,0.09057653655168632,0.02271409401544185,0.1507119571083922,0.035773244647752216,0.002987763914038595,0.054660441948804206,0.04722844323716371,0.0071743804781339154,0.08470171472959633
60,24,3,0.3,20,8,0.001,1,1,0.09057653655168632,0.02271409401544185,0.1507119571083922,0.03864643737365542,0.003860232387418827,0.06213076844381395,0.05138465462844032,0.00874938325381771,0.09353813796424275
60,24,3,0.3,20,16,0.001,1,1,0.09057653655168632,0.02271409401544185,0.1507119571083922,0.04029669840309254,0.004394418888878711,0.06629041325017299,0.05471547118136055,0.009204153872239057,0.09593828157851826
60,24,3,0.3,30,8,0.001,1,1,0.09057653655168632,0.02271409401544185,0.1507119571083922,0.0338203282668984,0.003538752847206739,0.05948741755368726,0.05134708092430942,0.008926071754275941,0.09447789029331646
60,24,3,0.3,30,16,0.001,1,1,0.09057653655168632,0.02271409401544185,0.1507119571083922,0.03756561397753278,0.003953015439011586,0.06287301041791768,0.0530869879310423,0.00913010167902337,0.09555156554982953
60,24,3,0.3,40,8,0.001,1,1,0.09057653655168632,0.02271409401544185,0.1507119571083922,0.03532069106258383,0.002985899064529575,0.05464338079337309,0.0481480263362316,0.00790292656818902,0.08889840588103377
60,24,3,0.3,40,16,0.001,1,1,0.09057653655168632,0.02271409401544185,0.1507119571083922,0.03942541655170965,0.0036890641689883256,0.06073766680560199,0.047430719357308304,0.007812707942657515,0.08838952394179705
60,36,1,0.3,20,8,0.001,1,1,0.09057653655168632,0.02271409401544185,0.1507119571083922,0.03397774493211779,0.0026928411236739947,0.05189259218495444,0.04720178220564748,0.006863515483270079,0.08284633657120923
60,36,1,0.3,20,16,0.001,1,1,0.09057653655168632,0.02271409401544185,0.1507119571083922,0.042156315549125654,0.0034707947881170175,0.05891345167376477,0.04737815474249327,0.006931304077346767,0.08325445379886152
60,36,1,0.3,30,8,0.001,1,1,0.09057653655168632,0.02271409401544185,0.1507119571083922,0.03525111635354446,0.003165969162912038,0.05626694556231072,0.04593459991428281,0.006307419295768659,0.0794192627500952
60,36,1,0.3,30,16,0.001,1,1,0.09057653655168632,0.02271409401544185,0.1507119571083922,0.033137075297909394,0.0026777917817485094,0.05174738429861464,0.049486264223309484,0.007054668315548568,0.08399207293279866
60,36,1,0.3,40,8,0.001,1,1,0.09057653655168632,0.02271409401544185,0.1507119571083922,0.034283544432278504,0.003338221661869468,0.057777345576527375,0.04839675514514648,0.006885266379756305,0.08297750526351286
60,36,1,0.3,40,16,0.001,1,1,0.09057653655168632,0.02271409401544185,0.1507119571083922,0.03268127198271817,0.002995614027312321,0.05473220283628571,0.04929905720040779,0.006900897305498558,0.08307163959799131
60,36,2,0.3,20,8,0.001,1,1,0.09057653655168632,0.02271409401544185,0.1507119571083922,0.036442524084517654,0.0034837726147149218,0.059023492057950294,0.05215468670161603,0.008890271685020896,0.0942882372569394
60,36,2,0.3,20,16,0.001,1,1,0.09057653655168632,0.02271409401544185,0.1507119571083922,0.04044500836407576,0.004021951156701915,0.0634188548990118,0.05452779971486007,0.009293740937081268,0.09640405041844076
60,36,2,0.3,30,8,0.001,1,1,0.09057653655168632,0.02271409401544185,0.1507119571083922,0.030787938983154916,0.0026633361708726555,0.0516075204875477,0.04888176296799738,0.007442188937182431,0.08626812236963566
60,36,2,0.3,30,16,0.001,1,1,0.09057653655168632,0.02271409401544185,0.1507119571083922,0.03238127028464062,0.002858491899026356,0.05346486602458063,0.05305073000324464,0.008015004682531742,0.08952655853171025
60,36,2,0.3,40,8,0.001,1,1,0.09057653655168632,0.02271409401544185,0.1507119571083922,0.03047825096937469,0.0025640533147562408,0.0506364820535179,0.04853989332901619,0.00754214643023424,0.08684553201077325
60,36,2,0.3,40,16,0.001,1,1,0.09057653655168632,0.02271409401544185,0.1507119571083922,0.03111227963030271,0.0027199565984799266,0.05215320314688185,0.0519484351668528,0.007795274555747792,0.08829085205018576
60,36,3,0.3,20,8,0.001,1,1,0.09057653655168632,0.02271409401544185,0.1507119571083922,0.03473577070293984,0.0033120514653660715,0.05755042541429274,0.05010288999629583,0.008239144147505543,0.09076973145000233
60,36,3,0.3,20,16,0.001,1,1,0.09057653655168632,0.02271409401544185,0.1507119571083922,0.03967738991029864,0.0037377703728535857,0.06113730753683536,0.05208373276567873,0.00885154676687047,0.0940826592251222
60,36,3,0.3,30,8,0.001,1,1,0.09057653655168632,0.02271409401544185,0.1507119571083922,0.03911806796538111,0.003136011177302789,0.056000099797257404,0.04587627035759653,0.006962450854110251,0.08344130184812705
60,36,3,0.3,30,16,0.001,1,1,0.09057653655168632,0.02271409401544185,0.1507119571083922,0.0377644705308045,0.0036657812301193133,0.060545695388849186,0.04725616106797204,0.006964660757587129,0.08345454306140036
60,36,3,0.3,40,8,0.001,1,1,0.09057653655168632,0.02271409401544185,0.1507119571083922,0.03221739238677938,0.0028218554476960494,0.053121139367450027,0.048099632394140904,0.007842585445092599,0.08855837309420606
60,36,3,0.3,40,16,0.001,1,1,0.09057653655168632,0.02271409401544185,0.1507119571083922,0.03152272486999587,0.0026670389584901796,0.05164338252370946,0.04811741595289575,0.0069476897755829485,0.08335280304574615
60,48,1,0.3,20,8,0.001,1,1,0.09057653655168632,0.02271409401544185,0.1507119571083922,0.03941556884915461,0.0030929413907651113,0.055614219321726624,0.0462498784473082,0.006547740526032277,0.08091811000037184
60,48,1,0.3,20,16,0.001,1,1,0.09057653655168632,0.02271409401544185,0.1507119571083922,0.034900774653451726,0.003163052521261018,0.05624102169467601,0.05119929206929959,0.007393684978204616,0.0859865395175583
60,48,1,0.3,30,8,0.001,1,1,0.09057653655168632,0.02271409401544185,0.1507119571083922,0.030313538193464093,0.0027364620864207367,0.05231120421497422,0.05188168757298911,0.006907594441452212,0.08311193922326811
60,48,1,0.3,30,16,0.001,1,1,0.09057653655168632,0.02271409401544185,0.1507119571083922,0.031694737956643966,0.002653645632901449,0.05151354805195862,0.050933576052890187,0.0071525997647883125,0.08457304396075804
60,48,1,0.3,40,8,0.001,1,1,0.09057653655168632,0.02271409401544185,0.1507119571083922,0.02996692322517109,0.0026136714548251,0.051124079011998835,0.04955576817226791,0.00692734172629874,0.0832306537658977
60,48,1,0.3,40,16,0.001,1,1,0.09057653655168632,0.02271409401544185,0.1507119571083922,0.029717752133857727,0.0024065588098468073,0.04905668975630956,0.05074528073536874,0.007336304558754717,0.08565223031979212
60,48,2,0.3,20,8,0.001,1,1,0.09057653655168632,0.02271409401544185,0.1507119571083922,0.03162619980161726,0.0026450950664116363,0.05143048771314186,0.05069850170442424,0.007174694286697724,0.08470356714269904
60,48,2,0.3,20,16,0.001,1,1,0.09057653655168632,0.02271409401544185,0.1507119571083922,0.0419787718349544,0.0036676334200440664,0.06056098925912676,0.04957988603146793,0.007609865400094609,0.08723454247082751
60,48,2,0.3,30,8,0.001,1,1,0.09057653655168632,0.02271409401544185,0.1507119571083922,0.02932503127306218,0.0027185354477562078,0.052139576597400636,0.05113781228097138,0.007725392985171654,0.08789421474233475
60,48,2,0.3,30,16,0.001,1,1,0.09057653655168632,0.02271409401544185,0.1507119571083922,0.036000445120157494,0.003261670446718051,0.05711103612015852,0.05101314648232229,0.008112621677707854,0.090070093137
60,48,2,0.3,40,8,0.001,1,1,0.09057653655168632,0.02271409401544185,0.1507119571083922,0.030982675202684253,0.00274588915415639,0.052401232372496644,0.050137301605688765,0.008200189032122286,0.09055489513064595
60,48,2,0.3,40,16,0.001,1,1,0.09057653655168632,0.02271409401544185,0.1507119571083922,0.034120778673927515,0.002787292696461979,0.05279481694695019,0.04609269287026111,0.006804377852965742,0.08248865287399075
60,48,3,0.3,20,8,0.001,1,1,0.09057653655168632,0.02271409401544185,0.1507119571083922,0.032333892784526946,0.0030814349165435985,0.05551067389740102,0.051770515803189865,0.007921023617727663,0.08900013268376437
60,48,3,0.3,20,16,0.001,1,1,0.09057653655168632,0.02271409401544185,0.1507119571083922,0.038889200306551214,0.003671013423827744,0.060588888616872186,0.050289316160896415,0.007707945888593614,0.08779490810174366
60,48,3,0.3,30,8,0.001,1,1,0.09057653655168632,0.02271409401544185,0.1507119571083922,0.03329745546676905,0.0028935451816821714,0.05379168320179405,0.048775422553971666,0.00809494330844962,0.08997190288334253
60,48,3,0.3,30,16,0.001,1,1,0.09057653655168632,0.02271409401544185,0.1507119571083922,0.03519059198640969,0.002874406322025336,0.053613490112334,0.04608588459763041,0.006776657182464789,0.08232045421682747
60,48,3,0.3,40,8,0.001,1,1,0.09057653655168632,0.02271409401544185,0.1507119571083922,0.03447116566262834,0.002871262943884041,0.053584166914155164,0.05035227529659072,0.00818943157394169,0.09049547819610486
60,48,3,0.3,40,16,0.001,1,1,0.09057653655168632,0.02271409401544185,0.1507119571083922,0.029989796359451468,0.0025345067027186335,0.0503438844619546,0.0527251191987301,0.0078018097056057984,0.08832785350955721
60,60,1,0.3,20,8,0.001,1,1,0.09057653655168632,0.02271409401544185,0.1507119571083922,0.03097722120771709,0.0025930691637988364,0.05092218734303188,0.04919704611959783,0.00719211887972691,0.08480636108056347
60,60,1,0.3,20,16,0.001,1,1,0.09057653655168632,0.02271409401544185,0.1507119571083922,0.03275451750336493,0.0028038056740549867,0.05295097425029106,0.051524752930672116,0.007916489576174914,0.08897465693204394
60,60,1,0.3,30,8,0.001,1,1,0.09057653655168632,0.02271409401544185,0.1507119571083922,0.033299883644820116,0.003383958079950768,0.0581717979776349,0.04756271381289677,0.0063008407308451,0.07937783526177254
60,60,1,0.3,30,16,0.001,1,1,0.09057653655168632,0.02271409401544185,0.1507119571083922,0.03186926528651121,0.0030224746989735087,0.05497703792469642,0.04783566788546736,0.006269309728630908,0.07917897276822242
60,60,1,0.3,40,8,0.001,1,1,0.09057653655168632,0.02271409401544185,0.1507119571083922,0.031518108431788254,0.0031619416451686253,0.056231144796888365,0.04745792706796552,0.0060576250253506075,0.07783074601563708
60,60,1,0.3,40,16,0.001,1,1,0.09057653655168632,0.02271409401544185,0.1507119571083922,0.03246906949557781,0.0034789231652253695,0.058982397079343676,0.04650669839686051,0.005863179650669913,0.07657140230314391
60,60,2,0.3,20,8,0.001,1,1,0.09057653655168632,0.02271409401544185,0.1507119571083922,0.033334118074250844,0.0030523518503026196,0.05524809363500807,0.047577833566898105,0.007515147016754528,0.0866899476107497
60,60,2,0.3,20,16,0.001,1,1,0.09057653655168632,0.02271409401544185,0.1507119571083922,0.03897969437259819,0.0033931775773208407,0.05825098777978654,0.048719405084842266,0.007662313492190908,0.08753464166940371
60,60,2,0.3,30,8,0.001,1,1,0.09057653655168632,0.02271409401544185,0.1507119571083922,0.030623854914896796,0.0024889990650212392,0.04988986936263954,0.048191101533159454,0.007326253954297985,0.0855935392088561
60,60,2,0.3,30,16,0.001,1,1,0.09057653655168632,0.02271409401544185,0.1507119571083922,0.030319728810410285,0.0027106488372546224,0.052063891875796436,0.04967437808919483,0.007727236813251136,0.08790470302123281
60,60,2,0.3,40,8,0.001,1,1,0.09057653655168632,0.02271409401544185,0.1507119571083922,0.030099167601734585,0.0028084110195840746,0.05299444328968911,0.05077969771425795,0.00841097161501743,0.09171134943406639
60,60,2,0.3,40,16,0.001,1,1,0.09057653655168632,0.02271409401544185,0.1507119571083922,0.03049091171711586,0.0027858873325824363,0.052781505592228384,0.04936054974372739,0.0074280338672284745,0.08618604218334007
60,60,3,0.3,20,8,0.001,1,1,0.09057653655168632,0.02271409401544185,0.1507119571083922,0.030989480092341988,0.0026431945464042007,0.05141200780366587,0.047937061444579994,0.006820165394777878,0.08258429266378613
60,60,3,0.3,20,16,0.001,1,1,0.09057653655168632,0.02271409401544185,0.1507119571083922,0.033434880821295726,0.0029080765768024473,0.053926585065275985,0.04884984459493196,0.007425289590123649,0.08617012005401668
60,60,3,0.3,30,8,0.001,1,1,0.09057653655168632,0.02271409401544185,0.1507119571083922,0.029995037261079854,0.0028877979405847144,0.053738235369099295,0.05540245164849482,0.008870688271535565,0.09418433134834883
60,60,3,0.3,30,16,0.001,1,1,0.09057653655168632,0.02271409401544185,0.1507119571083922,0.030431030255128128,0.002587525970906589,0.05086773015288366,0.05087086518008216,0.007876652380210679,0.08875050636593956
60,60,3,0.3,40,8,0.001,1,1,0.09057653655168632,0.02271409401544185,0.1507119571083922,0.029970384009552847,0.003197353561057811,0.05654514622014706,0.05272681571778035,0.008956763130063378,0.09464017714513946
60,60,3,0.3,40,16,0.001,1,1,0.09057653655168632,0.02271409401544185,0.1507119571083922,0.02947583413847968,0.00279105698626487,0.052830455101814805,0.05163366406867497,0.008398326840579201,0.09164238561156732
120,24,1,0.3,20,8,0.001,1,1,0.09057653655168632,0.02271409401544185,0.1507119571083922,0.03278363054823779,0.002657128458294803,0.05154734191299104,0.05197999807820108,0.007842015961833943,0.08855515773705078
120,24,1,0.3,20,16,0.001,1,1,0.09057653655168632,0.02271409401544185,0.1507119571083922,0.038244171788583255,0.003833992414265764,0.061919241066616476,0.05459186722362756,0.008622564409571274,0.09285776440110581
120,24,1,0.3,30,8,0.001,1,1,0.09057653655168632,0.02271409401544185,0.1507119571083922,0.034358073686809765,0.0026880281531847937,0.051846197094722324,0.0477519517865965,0.00709200959367617,0.08421407004578374
120,24,1,0.3,30,16,0.001,1,1,0.09057653655168632,0.02271409401544185,0.1507119571083922,0.03188977246162838,0.0025803511360605854,0.05079715677142359,0.05064801792633651,0.007113842605509194,0.08434359848565387
120,24,1,0.3,40,8,0.001,1,1,0.09057653655168632,0.02271409401544185,0.1507119571083922,0.0313045191575911,0.0026019666514305955,0.05100947609445323,0.048829278046718425,0.006908559131419713,0.08311774257894468
120,24,1,0.3,40,16,0.001,1,1,0.09057653655168632,0.02271409401544185,0.1507119571083922,0.03148569583547578,0.0025049130324072033,0.05004910620987355,0.0496872649991933,0.0070427529715464746,0.08392111159622753
120,24,2,0.3,20,8,0.001,1,1,0.09057653655168632,0.02271409401544185,0.1507119571083922,0.04138858726878128,0.0037217294816694105,0.06100597906491961,0.050610845408503455,0.008566326912583815,0.09255445376957186
120,24,2,0.3,20,16,0.001,1,1,0.09057653655168632,0.02271409401544185,0.1507119571083922,0.04159605598266567,0.004098507065922909,0.06401958345633708,0.0528827210821737,0.008878781835835257,0.09422728816980386
120,24,2,0.3,30,8,0.001,1,1,0.09057653655168632,0.02271409401544185,0.1507119571083922,0.034113941640034284,0.002807459137409899,0.052985461566451404,0.04795429616556943,0.007354797931813759,0.08576011853894419
120,24,2,0.3,30,16,0.001,1,1,0.09057653655168632,0.02271409401544185,0.1507119571083922,0.035057098925942394,0.0029489676517047833,0.05430439808804424,0.04967286025562661,0.0072670097363344375,0.08524675792271773
120,24,2,0.3,40,8,0.001,1,1,0.09057653655168632,0.02271409401544185,0.1507119571083922,0.034280241003897295,0.0028564214360817736,0.05344549968034515,0.04923321848969964,0.007945113934961614,0.0891353685972163
120,24,2,0.3,40,16,0.001,1,1,0.09057653655168632,0.02271409401544185,0.1507119571083922,0.04016852724749467,0.0032338721418470216,0.05686714466057727,0.0470930557588545,0.007179367341376379,0.08473114740977121
120,24,3,0.3,20,8,0.001,1,1,0.09057653655168632,0.02271409401544185,0.1507119571083922,0.03875567096896493,0.003812298895860251,0.061743816660943876,0.050560195710767634,0.008569068070081735,0.09256926093515998
120,24,3,0.3,20,16,0.001,1,1,0.09057653655168632,0.02271409401544185,0.1507119571083922,0.044321390883715554,0.005009117087965717,0.07077511630485475,0.05275295862604948,0.009192850218917957,0.09587935241186163
120,24,3,0.3,30,8,0.001,1,1,0.09057653655168632,0.02271409401544185,0.1507119571083922,0.03585804624310003,0.003229804338984422,0.05683136756215199,0.05095165782209672,0.008243216136474971,0.09079215900326951
120,24,3,0.3,30,16,0.001,1,1,0.09057653655168632,0.02271409401544185,0.1507119571083922,0.038904532134800746,0.0036267287006445186,0.060222327260282114,0.0500730028308591,0.007978439588207193,0.0893221114182104
120,24,3,0.3,40,8,0.001,1,1,0.09057653655168632,0.02271409401544185,0.1507119571083922,0.03402830571083323,0.0034583267130146394,0.058807539593275275,0.05064803153008139,0.008687438461370897,0.09320642929203381
120,24,3,0.3,40,16,0.001,1,1,0.09057653655168632,0.02271409401544185,0.1507119571083922,0.033526631129923094,0.0029765370742174365,0.05455764908990706,0.04855752107377508,0.007203637459635445,0.08487424497240281
120,36,1,0.3,20,8,0.001,1,1,0.09057653655168632,0.02271409401544185,0.1507119571083922,0.03158423314193496,0.0026332330756031236,0.05131503751926061,0.051168044804276884,0.007402201618854063,0.08603604836842556
120,36,1,0.3,20,16,0.001,1,1,0.09057653655168632,0.02271409401544185,0.1507119571083922,0.03660395547458079,0.003129701821520402,0.05594373800096309,0.051509599828054,0.00786896855924237,0.08870720691827902
120,36,1,0.3,30,8,0.001,1,1,0.09057653655168632,0.02271409401544185,0.1507119571083922,0.03835120945837306,0.003685166359021136,0.06070557107071093,0.04406702083302608,0.005980658342899285,0.07733471628511535
120,36,1,0.3,30,16,0.001,1,1,0.09057653655168632,0.02271409401544185,0.1507119571083922,0.03249158660235817,0.002641333084096854,0.051393901234454406,0.04839845704714362,0.006759350393709085,0.08221526861665712
120,36,1,0.3,40,8,0.001,1,1,0.09057653655168632,0.02271409401544185,0.1507119571083922,0.03215949448748363,0.0031114651468210613,0.05578050866405811,0.04743026320142794,0.0065831737628085875,0.0811367596272404
120,36,1,0.3,40,16,0.001,1,1,0.09057653655168632,0.02271409401544185,0.1507119571083922,0.03586024278606154,0.0033039477524221717,0.057479976969568906,0.044669834803142135,0.005988829775346558,0.07738752984393905
120,36,2,0.3,20,8,0.001,1,1,0.09057653655168632,0.02271409401544185,0.1507119571083922,0.03732715800138955,0.0031880597903832385,0.05646290632249848,0.04875452970418132,0.007794407549696461,0.08828594197094156
120,36,2,0.3,20,16,0.001,1,1,0.09057653655168632,0.02271409401544185,0.1507119571083922,0.03806444922208204,0.0032262055936359583,0.056799697126269595,0.04902763183617481,0.0073338220667363025,0.08563773739851084
120,36,2,0.3,30,8,0.001,1,1,0.09057653655168632,0.02271409401544185,0.1507119571083922,0.032205091948279654,0.002838559515110338,0.05327813355505557,0.047537977270063266,0.006961198166576826,0.08343379511071533
120,36,2,0.3,30,16,0.001,1,1,0.09057653655168632,0.02271409401544185,0.1507119571083922,0.03684719608591877,0.0031213569570801535,0.05586910556900077,0.0493995233455949,0.007673939724363134,0.0876010258179842
120,36,2,0.3,40,8,0.001,1,1,0.09057653655168632,0.02271409401544185,0.1507119571083922,0.029827897645209732,0.002582154393060227,0.05081490325741285,0.05075960986031537,0.007644458326083972,0.08743259304220578
120,36,2,0.3,40,16,0.001,1,1,0.09057653655168632,0.02271409401544185,0.1507119571083922,0.033186754761577106,0.0031299879544192445,0.055946295269832164,0.056030251285674786,0.00860692287913034,0.09277350310907927
120,36,3,0.3,20,8,0.001,1,1,0.09057653655168632,0.02271409401544185,0.1507119571083922,0.03208955544601196,0.0031203846029150273,0.05586040281733589,0.0524951601595775,0.008249023114307131,0.09082413288497243
120,36,3,0.3,20,16,0.001,1,1,0.09057653655168632,0.02271409401544185,0.1507119571083922,0.04250570742132948,0.003766180058005329,0.061369210993830844,0.0497288978137127,0.007875754721408742,0.08874544901801298
120,36,3,0.3,30,8,0.001,1,1,0.09057653655168632,0.02271409401544185,0.1507119571083922,0.036557179245706256,0.002960118067021591,0.05440696708163019,0.045025300537540495,0.006914496090800115,0.08315344906135953
120,36,3,0.3,30,16,0.001,1,1,0.09057653655168632,0.02271409401544185,0.1507119571083922,0.03885431240213365,0.003534631487672724,0.05945276686305461,0.04643644653058913,0.007330410233202849,0.0856178149289203
120,36,3,0.3,40,8,0.001,1,1,0.09057653655168632,0.02271409401544185,0.1507119571083922,0.03269927716300668,0.0030291995987915157,0.05503816492936075,0.04962218109509988,0.008344167296975123,0.09134641370615008
120,36,3,0.3,40,16,0.001,1,1,0.09057653655168632,0.02271409401544185,0.1507119571083922,0.03584145992438814,0.0030127515380868383,0.05488853740159996,0.0484470712378101,0.007708447285138353,0.08779776355430902
120,48,1,0.3,20,8,0.001,1,1,0.09057653655168632,0.02271409401544185,0.1507119571083922,0.03454345320977736,0.0026726740111909946,0.05169791109117461,0.045992556751477405,0.006365757226306637,0.07978569562463335
120,48,1,0.3,20,16,0.001,1,1,0.09057653655168632,0.02271409401544185,0.1507119571083922,0.041594872763228576,0.003738221327837355,0.06114099547633613,0.046864767503270295,0.006659666159266854,0.08160677765520982
120,48,1,0.3,30,8,0.001,1,1,0.09057653655168632,0.02271409401544185,0.1507119571083922,0.034567558974950875,0.0025413467379019135,0.05041177181871228,0.04532398575010444,0.00620589468858907,0.07877750115730424
120,48,1,0.3,30,16,0.001,1,1,0.09057653655168632,0.02271409401544185,0.1507119571083922,0.034331005908781936,0.0028915743841567113,0.05377336128750658,0.04646023225984612,0.006120217259209725,0.07823181743516971
120,48,1,0.3,40,8,0.001,1,1,0.09057653655168632,0.02271409401544185,0.1507119571083922,0.03647037836887731,0.0026143736103391296,0.051130945721149436,0.044807155801074486,0.006152125236703468,0.07843548455070236
120,48,1,0.3,40,16,0.001,1,1,0.09057653655168632,0.02271409401544185,0.1507119571083922,0.03320052482049804,0.0027441864288489794,0.05238498285624402,0.046897522704817986,0.006392055314752924,0.07995033029796014
120,48,2,0.3,20,8,0.001,1,1,0.09057653655168632,0.02271409401544185,0.1507119571083922,0.038714780413368434,0.0031793660418996486,0.05638586739511638,0.0447897471960647,0.006272470971938199,0.07919893289646142
120,48,2,0.3,20,16,0.001,1,1,0.09057653655168632,0.02271409401544185,0.1507119571083922,0.03862442089591084,0.0034312501942093364,0.05857687422703038,0.05069155249104437,0.00787955464812705,0.08876685557192533
120,48,2,0.3,30,8,0.001,1,1,0.09057653655168632,0.02271409401544185,0.1507119571083922,0.0299633314059874,0.0025488970591651334,0.05048660276910235,0.050473463745220576,0.007801339518464933,0.08832519186769386
120,48,2,0.3,30,16,0.001,1,1,0.09057653655168632,0.02271409401544185,0.1507119571083922,0.0325843612158082,0.002810762531433316,0.053016625047557636,0.04945424391801985,0.0074083327522434595,0.0860716721822195
120,48,2,0.3,40,8,0.001,1,1,0.09057653655168632,0.02271409401544185,0.1507119571083922,0.031011762709028237,0.0031571823799301235,0.05618881009533948,0.05059610976920681,0.00853512795295493,0.0923857562233212
120,48,2,0.3,40,16,0.001,1,1,0.09057653655168632,0.02271409401544185,0.1507119571083922,0.03012816460288358,0.002666659715729092,0.051639710647224696,0.05039368600408093,0.007721729530035493,0.0878733721330614
120,48,3,0.3,20,8,0.001,1,1,0.09057653655168632,0.02271409401544185,0.1507119571083922,0.03692878761017177,0.004528305654386304,0.06729268648513227,0.05101967223747655,0.00982219510231162,0.09910698816083365
120,48,3,0.3,20,16,0.001,1,1,0.09057653655168632,0.02271409401544185,0.1507119571083922,0.043676524709799734,0.004933845552051714,0.07024133791473305,0.05363032222678301,0.010063959043150359,0.10031928549960052
120,48,3,0.3,30,8,0.001,1,1,0.09057653655168632,0.02271409401544185,0.1507119571083922,0.038077160299095886,0.0030490992927617476,0.055218649863626214,0.04511430591417627,0.007421212571628115,0.08614646000636425
120,48,3,0.3,30,16,0.001,1,1,0.09057653655168632,0.02271409401544185,0.1507119571083922,0.03820898286588438,0.00325645908830628,0.05706539308816053,0.04463152798497726,0.0071235834692540195,0.08440132385960554
120,48,3,0.3,40,8,0.001,1,1,0.09057653655168632,0.02271409401544185,0.1507119571083922,0.02972104669984097,0.00279497881888325,0.052867559229486376,0.05309964335466359,0.008283829007137103,0.09101554266792625
120,48,3,0.3,40,16,0.001,1,1,0.09057653655168632,0.02271409401544185,0.1507119571083922,0.029980554739204867,0.002617952050248302,0.05116592665288397,0.0531222758539945,0.007723825955943128,0.0878852999991644
120,60,1,0.3,20,8,0.001,1,1,0.09057653655168632,0.02271409401544185,0.1507119571083922,0.030564348309742827,0.002655089005276294,0.05152755578597042,0.04963188181581722,0.007373962028262298,0.08587177666883514
120,60,1,0.3,20,16,0.001,1,1,0.09057653655168632,0.02271409401544185,0.1507119571083922,0.032238276345029085,0.0027466368669994143,0.05240836638361679,0.05097325876068024,0.007809077307419861,0.08836898385417737
120,60,1,0.3,30,8,0.001,1,1,0.09057653655168632,0.02271409401544185,0.1507119571083922,0.03315599979593125,0.003414437783080817,0.058433190765872244,0.04856936423654545,0.006838530733579699,0.08269540938637222
120,60,1,0.3,30,16,0.001,1,1,0.09057653655168632,0.02271409401544185,0.1507119571083922,0.03563911074855328,0.002864308116598089,0.05351923127809376,0.04598437909501829,0.006905543515801474,0.08309959997377529
120,60,1,0.3,40,8,0.001,1,1,0.09057653655168632,0.02271409401544185,0.1507119571083922,0.031504699475714076,0.0033048417876346582,0.057487753370910735,0.05052175894132821,0.006973486798271441,0.08350740564926827
120,60,1,0.3,40,16,0.001,1,1,0.09057653655168632,0.02271409401544185,0.1507119571083922,0.03115775443257934,0.0026349633460659664,0.0513318940432356,0.04888900174804296,0.007085688950334769,0.0841765344400372
120,60,2,0.3,20,8,0.001,1,1,0.09057653655168632,0.02271409401544185,0.1507119571083922,0.03527016076560754,0.0030671686633697293,0.055382024731583525,0.04607604418467036,0.006640288725216701,0.08148796675102835
120,60,2,0.3,20,16,0.001,1,1,0.09057653655168632,0.02271409401544185,0.1507119571083922,0.0405224718858822,0.003328390089938277,0.05769220129218747,0.04691613697550982,0.006743385157812174,0.08211811711073369
120,60,2,0.3,30,8,0.001,1,1,0.09057653655168632,0.02271409401544185,0.1507119571083922,0.031209283908220135,0.0027410998113910783,0.05235551366753151,0.04871678194318615,0.007447445234041357,0.08629858187734812
120,60,2,0.3,30,16,0.001,1,1,0.09057653655168632,0.02271409401544185,0.1507119571083922,0.03291990868331423,0.0029326669436756836,0.05415410366422552,0.04874842898945298,0.007217389064900685,0.08495521799689931
120,60,2,0.3,40,8,0.001,1,1,0.09057653655168632,0.02271409401544185,0.1507119571083922,0.034164059337891704,0.002730054805768526,0.0522499263709388,0.04726827017850999,0.00740099278837557,0.08602902294211862
120,60,2,0.3,40,16,0.001,1,1,0.09057653655168632,0.02271409401544185,0.1507119571083922,0.03265729729672537,0.0027426343591734495,0.05237016669033477,0.04761932307796592,0.0075064010124206515,0.08663948875899864
120,60,3,0.3,20,8,0.001,1,1,0.09057653655168632,0.02271409401544185,0.1507119571083922,0.03059730420241417,0.0030399189848689316,0.05513546032154743,0.05124828563411188,0.008402743711358905,0.09166648084964811
120,60,3,0.3,20,16,0.001,1,1,0.09057653655168632,0.02271409401544185,0.1507119571083922,0.033210761641103634,0.0032849702477071715,0.0573146599720104,0.052551374368909505,0.00877120170795196,0.0936546939984962
120,60,3,0.3,30,8,0.001,1,1,0.09057653655168632,0.02271409401544185,0.1507119571083922,0.03135948579648082,0.0027979644322154063,0.05289578841661599,0.050855289691887025,0.008480302433049982,0.09208855755765741
120,60,3,0.3,30,16,0.001,1,1,0.09057653655168632,0.02271409401544185,0.1507119571083922,0.03326990214530336,0.0028041443755429875,0.05295417240919725,0.04849488894699222,0.007827560779677901,0.08847350326328161
120,60,3,0.3,40,8,0.001,1,1,0.09057653655168632,0.02271409401544185,0.1507119571083922,0.03351018193584881,0.003589326368042138,0.059910987039458276,0.04970580645292212,0.009007724445441548,0.09490903247553178
120,60,3,0.3,40,16,0.001,1,1,0.09057653655168632,0.02271409401544185,0.1507119571083922,0.032358578133313595,0.003034811546883885,0.05508912367140981,0.04904963580989708,0.008365475106860708,0.09146297123350361
